id,time,position,rotation,scale
2907291144,9.16,(0.00, 0.00, 0.00),(1.00, 1.00, 1.00),(0.00000, 0.00000, 0.00000, 1.00000),
2029911256,9.38,(-1.19, -0.51, -0.24),(1.00, 1.00, 1.00),(0.00000, 0.00000, 0.00000, 1.00000),
965808488,9.599999,(-4.47, -1.30, -0.61),(1.00, 1.00, 1.00),(0.00000, 0.00000, 0.00000, 1.00000),
3296004624,9.8,(-1.20, 1.04, 0.49),(1.00, 1.00, 1.00),(0.00000, 0.00000, 0.00000, 1.00000),
3286715608,10.02,(-2.76, -1.59, -0.74),(1.00, 1.00, 1.00),(0.00000, 0.00000, 0.00000, 1.00000),
1461147672,10.24,(-3.23, 0.77, 0.36),(1.00, 1.00, 1.00),(0.00000, 0.00000, 0.00000, 1.00000),
