id,time,position,rotation,scale
2725138992,3,(-0.04, -0.01, 0.00),(1.00, 1.00, 1.00),(0.00000, 0.00000, 0.00000, 1.00000),
3364642632,3.22,(-2.05, -0.29, -0.14),(1.00, 1.00, 1.00),(0.00000, 0.00000, 0.00000, 1.00000),
3705565208,3.44,(-4.27, -0.10, -0.05),(1.00, 1.00, 1.00),(0.00000, 0.00000, 0.00000, 1.00000),
1962978240,3.64,(-1.05, -0.08, -0.04),(1.00, 1.00, 1.00),(0.00000, 0.00000, 0.00000, 1.00000),
